Index,User Id,First Name,Last Name,Email,Phone
1,88F7B33d2bcf9f5,Shelby,Terrell,elijah57@example.net,001-084-906-7849x73518
2,f90cD3E76f1A9b9,Phillip,Summers,bethany14@example.com,214.112.6044x4913
3,DbeAb8CcdfeFC2c,Kristine,Travis,bthompson@example.com,277.609.7938
4,A31Bee3c201ef58,Yesenia,Martinez,kaitlinkaiser@example.com,584.094.6111
5,1bA7A3dc874da3c,Lori,Todd,buchananmanuel@example.net,689-207-3558x7233
6,bfDD7CDEF5D865B,Erin,Day,tconner@example.org,001-171-649-9856x5553
7,bE9EEf34cB72AF7,Katherine,Buck,conniecowan@example.com,+1-773-151-6685x49162
8,2EFC6A4e77FaEaC,Ricardo,Hinton,wyattbishop@example.com,001-447-699-7998x88612
9,baDcC4DeefD8dEB,Dave,Farrell,nmccann@example.net,603-428-2429x27392
10,8e4FB470FE19bF0,Isaiah,Downs,virginiaterrell@example.org,+1-511-372-1544x8206
11,BF0BbA03C29Bb3b,Sheila,Ross,huangcathy@example.com,895.881.4746
12,F738c69fB34E62E,Stacy,Newton,rayleroy@example.org,710.673.3213x80335
13,C03fDADdAadAdCe,Mandy,Blake,jefferynoble@example.org,(992)466-1305x4947
14,b759b74BD1dE80d,Bridget,Nash,mercedes44@example.com,(216)627-8359
15,1F0B7D65A00DAF9,Crystal,Farmer,pmiranda@example.org,+1-024-377-5391
16,50Bb061cB30B461,Thomas,Knight,braunpriscilla@example.net,+1-360-880-0766
17,D6dbA5308fEC4BC,Maurice,Rangel,sheenabanks@example.com,(246)187-4969
18,311D775990f066d,Frank,Meadows,gbrewer@example.org,429.965.3902x4447
19,7F7E1BAcb0C9AFf,Alvin,Paul,gilbertdonaldson@example.com,219.436.0887x07551
20,88473e15D5c3cD0,Jared,Mitchell,jcortez@example.com,+1-958-849-6781